"","chr","mid","start","stop","win.df"
"1","1",10960.5,1,21920,-0.091275
"2","1A",29103.5,21921,36286,-0.091275
"3","2",49365.5,36287,62444,-0.091275
"4","3",73968,62445,85491,-0.091275
"5","4",92231.5,85492,98971,-0.091275
"6","4A",100994,98972,103016,-0.091275
"7","5",108934,103017,114851,-0.091275
"8","6",118283.5,114852,121715,-0.091275
"9","7",125687.5,121716,129659,-0.091275
"10","8",132577,129660,135494,-0.091275
"11","9",137998.5,135495,140502,-0.091275
"12","10",142522.5,140503,144542,-0.091275
"13","11",146588,144543,148633,-0.091275
"14","12",151300,148634,153966,-0.091275
"15","13",155993,153967,158019,-0.091275
"16","14",159693,158020,161366,-0.091275
"17","15",162746,161367,164125,-0.091275
"18","17",165369,164126,166612,-0.091275
"19","18",167795.5,166613,168978,-0.091275
"20","19",170127,168979,171275,-0.091275
"21","20",172710,171276,174144,-0.091275
"22","21-27",177103,174145,180312,-0.091275
"28","28",180693,180313,181073,-0.091275
"29","Z",187624.5,181074,194175,-0.091275
"30","NA",195034,194176,195892,-0.091275
